"ticker","h","task","model","benchmark","n","rmse","mae","oos_r2","dir_acc","pt_stat","pt_p","dm_stat","dm_p","crps","coverage_95","winkler_95","refits","mean_fit_secs","errors"
"AAPL",1,"return","naive_zero","hist_mean",3208,0.0177846482332267,0.012309458953588,-0.00235050425711658,NA,NA,NA,1.24977470634208,0.211473054063315,0.00927307531107617,0.939526184538653,0.103054196517838,153,1.96078431372542e-05,0
"MSFT",1,"return","naive_zero","hist_mean",3208,0.0169815370655191,0.0116265667007899,-0.00199401007312638,NA,NA,NA,1.39226478772491,0.163938760319664,0.00876065917857574,0.942331670822943,0.0982185033778153,153,1.30718954245275e-05,0
"AMZN",1,"return","naive_zero","hist_mean",3208,0.0207304701474351,0.0143806786941997,-0.000946905650569541,NA,NA,NA,0.573726865569202,0.56619287684008,0.0107781886997652,0.942331670822943,0.121799691088286,153,1.96078431367912e-05,0
"GOOGL",1,"return","naive_zero","hist_mean",3208,0.0179410316782328,0.0125618952225213,-0.00150085299288305,NA,NA,NA,1.25637042823113,0.209073207207107,0.00937558067093194,0.93859102244389,0.103044830699774,153,6.53594771241758e-06,0
"NVDA",1,"return","naive_zero","hist_mean",3208,0.0292687492180993,0.0204450024726054,-0.00301464473164126,NA,NA,NA,2.09371482159202,0.036363730578534,0.0152048668719416,0.938279301745636,0.164157698733818,153,1.30718954252706e-05,0
"JPM",1,"return","naive_zero","hist_mean",3208,0.0165346997506375,0.0110996730479217,-0.00111683762383974,NA,NA,NA,1.13499014490205,0.256464268319378,0.00836272594931178,0.937655860349127,0.0951713585644799,153,6.53594771242048e-06,0
"XOM",1,"return","naive_zero","hist_mean",3208,0.0168732826700217,0.0118104308034377,6.62787082442717e-05,NA,NA,NA,-0.151038133863591,0.879955133798157,0.00865060154212532,0.936097256857855,0.0902068840064515,153,0,0
"JNJ",1,"return","naive_zero","hist_mean",3208,0.0113844089879834,0.0078198548839556,-0.0011119882135846,NA,NA,NA,0.843770781199637,0.398860437629602,0.00588020656846642,0.942331670822943,0.0663502066297582,153,1.3071895424841e-05,0
"PG",1,"return","naive_zero","hist_mean",3208,0.0114489081469397,0.00786100568609273,-0.000222128642751951,NA,NA,NA,0.200193710559649,0.841341779233808,0.00588578750257179,0.942019950124688,0.0660434945847556,153,1.96078431367912e-05,0
"SPY",1,"return","naive_zero","hist_mean",3208,0.0108114659727588,0.0070899737487272,-0.00188521257014274,NA,NA,NA,1.22633818621296,0.22016147041727,0.00541526299699611,0.932356608478803,0.0631409266080474,153,1.96078431372527e-05,0
"POOLED",1,"return","naive_zero","hist_mean",32080,0.0177443879326431,0.0117004540213839,-0.00173658933767418,NA,NA,NA,3.23045678586363,0.0012371709596045,0.00875869552917621,0.939152119700748,0.0971187790811024,1530,1.30718954247566e-05,0
"AAPL",1,"return","hist_mean","hist_mean",3208,0.0177637835622123,0.0122803775410312,0,0.532958450484224,NA,NA,NA,NA,0.00925322674276773,0.939526184538653,0.103298697990074,153,6.53594771242048e-06,0
"MSFT",1,"return","hist_mean","hist_mean",3208,0.0169646316654928,0.0116019671210345,0,0.533542319749216,NA,NA,NA,NA,0.00874602442815625,0.941084788029925,0.0984712848820856,153,6.53594771226374e-06,0
"AMZN",1,"return","hist_mean","hist_mean",3208,0.0207206622126166,0.0143538619909982,0,0.530586766541823,NA,NA,NA,NA,0.0107658308110275,0.942019950124688,0.12198186357222,153,1.96078431397635e-05,0
"GOOGL",1,"return","hist_mean","hist_mean",3208,0.0179275833887252,0.0125345599406324,0,0.532605304212168,NA,NA,NA,NA,0.0093630417101313,0.937344139650873,0.103193534712724,153,1.30718954248352e-05,0
"NVDA",1,"return","hist_mean","hist_mean",3208,0.0292247312766598,0.0203805333531557,0,0.538148843026892,-1.20604777904226,0.886100465815575,NA,NA,0.0151753147621017,0.939214463840399,0.164297949960614,153,1.96078431367912e-05,0
"JPM",1,"return","hist_mean","hist_mean",3208,0.0165254741901183,0.0110815153971674,0,0.529117094552286,NA,NA,NA,NA,0.00835198368138759,0.93640897755611,0.0953203420986965,153,6.53594771242048e-06,0
"XOM",1,"return","hist_mean","hist_mean",3208,0.0168738418675086,0.0118074598892541,0,0.514696685428393,1.05855134406445,0.144902077916693,NA,NA,0.00864931761410657,0.935785536159601,0.0902764572404814,153,0,0
"JNJ",1,"return","hist_mean","hist_mean",3208,0.0113780845976739,0.00781164105852466,0,0.525344180225282,NA,NA,NA,NA,0.005873041222662,0.941084788029925,0.0664729045724916,153,1.3071895424841e-05,0
"PG",1,"return","hist_mean","hist_mean",3208,0.0114476367935249,0.00784812674251562,0,0.527699530516432,NA,NA,NA,NA,0.00588207950824001,0.940773067331671,0.0661240604957595,153,1.30718954245275e-05,0
"SPY",1,"return","hist_mean","hist_mean",3208,0.0108012894034709,0.00705739739632007,0,0.550905683947533,NA,NA,NA,NA,0.00539912890813277,0.93360349127182,0.0634143495205451,153,2.61437908496761e-05,0
"POOLED",1,"return","hist_mean","hist_mean",32080,0.0177290006133927,0.0116757440430634,0,0.531563643185442,0.807783360896086,0.209607652679461,NA,NA,0.00874589893887135,0.938684538653367,0.0972851445045693,1530,1.24183006537539e-05,0
"AAPL",1,"return","arima","hist_mean",3208,0.0177785396662843,0.0122917144688055,-0.00166205953316578,0.533895657606998,1.11182573847206,0.133106541532887,0.913826188861031,0.360876879203161,0.00927699107664382,0.940461346633416,0.10388007278095,153,0.090359477124183,0
"MSFT",1,"return","arima","hist_mean",3208,0.0170315355390781,0.0116982802838055,-0.00790300670345778,0.526782118405155,1.19784004649793,0.115489646787664,1.29496557502411,0.195425323227712,0.00877628454570252,0.931109725685786,0.0998723434876252,153,0.505823529411769,0
"AMZN",1,"return","arima","hist_mean",3208,0.0207365532578794,0.0143645465561636,-0.00153442381933755,0.528116531165312,-1.33917341975129,0.909742888312999,2.32199684575332,0.0202954329728479,0.0108132996527837,0.944201995012469,0.122454074108374,153,0.0417058823529432,0
"GOOGL",1,"return","arima","hist_mean",3208,0.0179722952189901,0.012569013123636,-0.00499426894208588,0.515661707126077,-0.63540402546266,0.73741752832262,1.75046451470986,0.0801338098103445,0.00937932373552643,0.930174563591022,0.106070079450704,153,0.470516339869281,0
"NVDA",1,"return","arima","hist_mean",3208,0.0314044741061372,0.0218783759402124,-0.154734117035658,0.524461839530333,0.817680495120191,0.206769825360605,6.15555746724752,8.40875663573207e-10,0.0162551278301345,0.932044887780549,0.18143601413884,153,0.178333333333338,0
"JPM",1,"return","arima","hist_mean",3208,0.0165618511878781,0.0111344665342519,-0.00440738160995369,0.515654351909831,1.07232779813957,0.141786412631232,0.609803619789699,0.542035105909768,0.00852341319413624,0.958852867830424,0.0981400161023124,153,0.271104575163398,0
"XOM",1,"return","arima","hist_mean",3208,0.0169260454585806,0.0118348103085825,-0.00619708826637,0.505591054313099,0.381835173998147,0.351291813453225,1.53478834817361,0.124934468692159,0.0087716058370467,0.910536159600998,0.100541409874949,153,0.227366013071897,0
"JNJ",1,"return","arima","hist_mean",3208,0.0113849949223918,0.00783889878366094,-0.00121504161872665,0.510951188986233,-0.513965651890399,0.696361997312815,0.304146937019493,0.761035681515587,0.00583712987136594,0.928615960099751,0.0676308527369002,153,0.129091503267974,0
"PG",1,"return","arima","hist_mean",3208,0.011447094266168,0.00790050378277119,9.47819206553735e-05,0.516982481229889,0.700707168871233,0.241742890624892,-0.0133979533329939,0.98931113307677,0.00585253162788316,0.933291770573566,0.0675013474950613,153,0.730424836601313,0
"SPY",1,"return","arima","hist_mean",3208,0.010815193189423,0.00711254279293817,-0.00257612478375968,0.527170518425984,0.857770167446813,0.195509692937336,0.294535851776867,0.76836753505256,0.00544579816666332,0.945448877805486,0.06440138604049,153,0.662307189542483,0
"POOLED",1,"return","arima","hist_mean",32080,0.0181212778680321,0.0118623152574828,-0.044742181034847,0.521434309501205,1.60407506519384,0.0543487536893729,6.43672041692543,1.23804287117296e-10,0.00889315055378863,0.935473815461347,0.101192759621621,1530,0.330703267973857,0
"AAPL",1,"return","ets","hist_mean",3208,0.0178191860908139,0.0123462460059276,-0.00624742183115878,0.497969384567323,-0.84515795466687,0.800988673004852,2.35795096119035,0.0184358405830722,0.00930727615964098,0.941708229426434,0.103412261266394,153,0.051084967320261,0
"MSFT",1,"return","ets","hist_mean",3208,0.0169639947050805,0.0116470732262756,7.50913390942243e-05,0.515047021943574,1.57143760768227,0.0580405181128412,-0.018023905502632,0.985620903875301,0.00874304797371188,0.932980049875312,0.0988123829420675,153,0.0479934640522881,0
"AMZN",1,"return","ets","hist_mean",3208,0.0207421892771585,0.0143908765574399,-0.00207891492520873,0.49250936329588,-0.698779683016399,0.757655136297024,1.04689636010445,0.295226275546847,0.0108250877829216,0.945137157107232,0.122161235824289,153,0.0312745098039132,0
"GOOGL",1,"return","ets","hist_mean",3208,0.0179464264809099,0.0125765176845862,-0.00210323884179187,0.487363494539782,-1.69083893465372,0.954566215608022,1.10159548965852,0.270720238283065,0.00937530472378341,0.931109725685786,0.105380026205788,153,0.0580392156862747,0
"NVDA",1,"return","ets","hist_mean",3208,0.0292820073392344,0.0204591270218213,-0.00392353915941457,0.512507817385866,0.246919342864109,0.402485323149591,1.05980621508083,0.289312579936466,0.0152153086509015,0.930486284289277,0.167079211111196,153,0.0639869281045742,0
"JPM",1,"return","ets","hist_mean",3208,0.0165473548907797,0.0111331422646483,-0.00264987086934965,0.509079524107702,1.05090903221365,0.146650185831079,0.405911059478244,0.684835031899819,0.0085209878974275,0.957917705735661,0.0979835152161559,153,0.0575424836601307,0
"XOM",1,"return","ets","hist_mean",3208,0.0168948023664842,0.0118130108695675,-0.00248592082227361,0.505315822388993,0.566484238971783,0.285532322083868,1.03237968418052,0.301972131713615,0.00874165192553619,0.913341645885287,0.0996453884093621,153,0.0558169934640528,0
"JNJ",1,"return","ets","hist_mean",3208,0.0113723498817073,0.00783256480130256,0.001007774327621,0.5,0.142043018538962,0.443523013138193,-0.333197382197614,0.739007075078843,0.0058338318604217,0.931109725685786,0.0671092527099881,153,0.0433071895424832,0
"PG",1,"return","ets","hist_mean",3208,0.0114281196097115,0.00786094152803006,0.00340691212516475,0.501095461658842,0.296302008470528,0.383499726124124,-0.925739331546311,0.354651117838677,0.00582908536662887,0.932668329177057,0.0672344407418865,153,0.0480457516339877,0
"SPY",1,"return","ets","hist_mean",3208,0.0107909082834218,0.00710367406281935,0.00192127643541451,0.509056839475328,1.6062378003212,0.0541108354340725,-0.387210083343491,0.698626379366348,0.00544051855345014,0.948877805486284,0.0633943585888488,153,0.0475359477124179,0
"POOLED",1,"return","ets","hist_mean",32080,0.0177501390548447,0.011716317402242,-0.00238603897501033,0.502985961291936,0.748395889888753,0.227110700464969,1.78736473766959,0.0738879945221561,0.00878321008944237,0.936533665835411,0.0992212073015979,1530,0.0504627450980383,0
"AAPL",1,"return","stlf","hist_mean",3208,0.0218431846579111,0.0163619225219033,-0.512031951166108,0.498281786941581,1.06321791173439,0.143841570688398,16.5871081531087,2.39480082794875e-59,0.012018703750962,0.873441396508728,0.132909678976207,153,0.0105751633986924,0
"MSFT",1,"return","stlf","hist_mean",3208,0.0195694847380178,0.0146557310467308,-0.330668610584855,0.49717868338558,1.31803733970554,0.0937455742642476,14.2289440038064,1.34168557344407e-44,0.0106712087321117,0.869389027431421,0.117401814920071,153,0.0108169934640536,0
"AMZN",1,"return","stlf","hist_mean",3208,0.0254155361561504,0.0188621393154339,-0.504496874359329,0.502184769038702,1.3468966381004,0.0890067622252275,15.9053231689502,6.92588102445958e-55,0.0138738735696943,0.879364089775561,0.155732551326848,153,0.0059607843137272,0
"GOOGL",1,"return","stlf","hist_mean",3208,0.0210592625579193,0.0157445044400305,-0.379884752896315,0.498907956318253,1.03572078437198,0.150166211495044,14.1303864022715,5.03022510963028e-44,0.0115066814242897,0.875935162094763,0.126017300398913,153,0.0109411764705883,0
"NVDA",1,"return","stlf","hist_mean",3208,0.0365329432501798,0.0275512968046975,-0.562673586772424,0.482489055659787,-0.401643019578679,0.656026617602504,19.8902441743661,4.15981257308528e-83,0.0202271505495953,0.843516209476309,0.229657531635651,153,0.0118692810457556,0
"JPM",1,"return","stlf","hist_mean",3208,0.0204732996965008,0.0151619996488319,-0.534856675213203,0.474013775829681,-2.20599730537215,0.986307905810049,13.4931847080364,2.12707607651833e-40,0.0109761056357855,0.912406483790524,0.114455287353884,153,0.0122745098039219,0
"XOM",1,"return","stlf","hist_mean",3208,0.0192899950736153,0.0139721355382761,-0.306881721541832,0.490306441525954,-0.985223583979738,0.837742870699563,8.6076347758298,1.14975941734926e-17,0.0103148215212033,0.85785536159601,0.123257018695277,153,0.00928758169934822,0
"JNJ",1,"return","stlf","hist_mean",3208,0.0131051424164424,0.00985594635245747,-0.326615822452431,0.501564455569462,1.02267929174882,0.153229752819566,13.2962000574268,2.62394438055002e-39,0.00721777804080137,0.855985037406484,0.0817192986491428,153,0.0110065359477119,0
"PG",1,"return","stlf","hist_mean",3208,0.0132666128204837,0.00985439573123314,-0.343038386084395,0.499217527386541,0.595700562829794,0.275687641074407,12.4075729650221,1.45831133037771e-34,0.00722291482294787,0.863154613466334,0.082782437131016,153,0.00878431372548162,0
"SPY",1,"return","stlf","hist_mean",3208,0.0124099096712064,0.00908052783156795,-0.320036791464452,0.486570893191755,0.905447250142454,0.182614246714692,9.49423152587826,4.1885753540289e-21,0.00657532983641927,0.912406483790524,0.0693577910722449,153,0.0142287581699338,0
"POOLED",1,"return","stlf","hist_mean",32080,0.0213943940109416,0.0151100599231161,-0.456235015042579,0.493074445799331,0.834240513634606,0.202072732743752,39.9133595951204,0,0.011060456788381,0.874345386533666,0.123329071015926,1530,0.0105745098039215,0
"AAPL",1,"return","elastic_net","hist_mean",3208,0.0177668137401817,0.0122811288330144,-0.000341192675013868,0.533270852858482,0.693462260673676,0.244009750813657,0.878954180549416,0.379491970234147,0.00927100138955061,0.94139650872818,0.103759032092412,153,0.0632941176470589,0
"MSFT",1,"return","elastic_net","hist_mean",3208,0.0169408936164396,0.0115976081025288,0.00279657602791061,0.532288401253919,1.13505308467589,0.128176538500915,-1.23008499794686,0.21875550160724,0.00871675242539054,0.936097256857855,0.099223842395541,153,0.0378823529411783,0
"AMZN",1,"return","elastic_net","hist_mean",3208,0.0207282420716522,0.0143626688807543,-0.00073175706047568,0.528089887640449,-0.92806379958652,0.823312761888561,0.932951182714532,0.350915406451842,0.0108111271061071,0.946072319201995,0.122384273416433,153,0.0240000000000046,0
"GOOGL",1,"return","elastic_net","hist_mean",3208,0.0179263816723713,0.0125330621325588,0.000134058902575229,0.533229329173167,0.841904075209239,0.199920824537435,-0.381732087275555,0.702685387453323,0.00935862007527961,0.930798004987531,0.105605263193581,153,0.0535294117647048,0
"NVDA",1,"return","elastic_net","hist_mean",3208,0.0292221500377635,0.0203763739271641,0.000176639769894016,0.539399624765478,-0.822334263517352,0.794556659417767,-1.91953331790807,0.0550055053687631,0.0151785436374461,0.929862842892768,0.168013478283511,153,0.0338496732026194,0
"JPM",1,"return","elastic_net","hist_mean",3208,0.0165355508080742,0.0110863539640562,-0.00121989723416216,0.527864746399499,0.0868884613045654,0.465380085688248,1.67278180189919,0.0944677953041914,0.00850435068422679,0.959164588528678,0.098392785869489,153,0.0475490196078422,0
"XOM",1,"return","elastic_net","hist_mean",3208,0.0168752230648179,0.0118091091777094,-0.000163715394351227,0.516260162601626,1.40559536627443,0.0799221563968506,1.25780105830038,0.208555289178589,0.00874085874675821,0.913029925187032,0.0998355443201354,153,0.0453333333333261,0
"JNJ",1,"return","elastic_net","hist_mean",3208,0.0113776416360903,0.00781154853370367,7.78607255500496e-05,0.525031289111389,-0.244475637111325,0.596568765814742,-0.699651988816604,0.484195410721661,0.00582589629365127,0.930798004987531,0.0675497479325816,153,0.0612679738562087,0
"PG",1,"return","elastic_net","hist_mean",3208,0.0114338791143159,0.00784373485989512,0.00240213985158266,0.524256651017214,0.416018277718676,0.338698314293007,-0.943440376311779,0.345526765536162,0.00583191181941269,0.932668329177057,0.0675970648033047,153,0.0309673202614353,0
"SPY",1,"return","elastic_net","hist_mean",3208,0.0108380066533028,0.0070749193396377,-0.00681023452980067,0.538101186758276,-1.25764366363113,0.895739672584674,0.860893354581035,0.389361139272001,0.00543829379910294,0.948254364089776,0.0644783169491587,153,0.0746535947712405,0
"POOLED",1,"return","elastic_net","hist_mean",32080,0.0177297689835678,0.0116776507751023,-8.66813468576311e-05,0.529781446393397,0.642878264759268,0.260151546938236,0.216762736454413,0.828394631910795,0.00876773559769259,0.93681421446384,0.0996839349256147,1530,0.0472326797385618,0
"AAPL",1,"return","random_forest","hist_mean",3208,0.018004478257288,0.0125952437041471,-0.0272830807479993,0.50952827241487,0.0611965536921042,0.475601337172964,1.95991335936852,0.0500923965825543,0.00946184152409124,0.937967581047382,0.104903709118152,153,2.67303267973856,0
"MSFT",1,"return","random_forest","hist_mean",3208,0.0172239354245008,0.0118825714118784,-0.0308035550995343,0.504388714733542,-0.196897634885074,0.578046177730294,2.43942013911617,0.0147647046533147,0.00888616190169983,0.935785536159601,0.100529741567553,153,2.52500653594771,0
"AMZN",1,"return","random_forest","hist_mean",3208,0.0209690478231392,0.01464002106898,-0.024118375104645,0.514669163545568,0.656634113134031,0.255708104372739,1.75039895272495,0.0801451162789028,0.010982176146078,0.942643391521197,0.122937714892888,153,1.48920915032681,0
"GOOGL",1,"return","random_forest","hist_mean",3208,0.0181555321114093,0.0127786861525804,-0.0255916147240887,0.49984399375975,-0.543798852665634,0.706710050775977,2.33880053503682,0.0194068678367618,0.00951255777864801,0.929551122194514,0.106666984559855,153,2.98828758169935,0
"NVDA",1,"return","random_forest","hist_mean",3208,0.0295351971448248,0.0206614892900835,-0.021359646801026,0.509693558474046,-0.398161448716774,0.654744409421354,2.33563595099005,0.019571561550432,0.0153619805974234,0.932980049875312,0.169537445062372,153,2.53133986928104,0
"JPM",1,"return","random_forest","hist_mean",3208,0.0168211243509852,0.0112927418893196,-0.0361012134909731,0.513462742642455,0.891685741055468,0.186280699210465,2.07784123712346,0.0378033567164959,0.00865077112437471,0.958852867830424,0.0997798409811275,153,3.1725816993464,0
"XOM",1,"return","random_forest","hist_mean",3208,0.0172971691892366,0.0119850642832252,-0.05080496754329,0.495622263914947,-0.529908061014651,0.701912161550072,3.66093229027939,0.000255352532690934,0.00887506503603769,0.913965087281795,0.101977380855516,153,2.67436601307189,0
"JNJ",1,"return","random_forest","hist_mean",3208,0.0116196154824488,0.0079858280846755,-0.0429060723955621,0.502190237797247,-0.148493389277338,0.559023298643815,2.94141023764728,0.0032906044182778,0.00595103285930259,0.932980049875312,0.0686881277367535,153,2.87462745098039,0
"PG",1,"return","random_forest","hist_mean",3208,0.0117511227487075,0.00802972012566436,-0.053724412774298,0.515179968701096,0.987620247122338,0.161669333238532,2.54431157153661,0.0109958457417219,0.00597233469519251,0.932044887780549,0.0698377019953952,153,2.5140522875817,0
"SPY",1,"return","random_forest","hist_mean",3208,0.0108922410993546,0.00719827480411434,-0.0169117999685799,0.506558400999375,-0.0172854448424073,0.50689555139841,0.749847150849733,0.453401770380485,0.00550207547922718,0.950124688279302,0.0643345038104844,153,3.2981045751634,0
"POOLED",1,"return","random_forest","hist_mean",32080,0.0179898997341278,0.0119049640814668,-0.0296484630945408,0.50711315386299,0.356244890497282,0.360828588216241,6.63701495300052,3.25192932370628e-11,0.00891559971420751,0.936689526184539,0.10091931505801,1530,2.67406078431373,0
"AAPL",1,"return","arma_garch","hist_mean",3208,0.0177682206798517,0.0122849905883527,-0.00049963137474518,0.532958450484224,NA,NA,0.515393552713343,0.606313561103752,0.00908935933598321,0.947319201995013,0.0937831443866744,153,0.319254901960782,0
"MSFT",1,"return","arma_garch","hist_mean",3208,0.0169638350303662,0.0116005043317138,9.39149682570584e-05,0.533542319749216,NA,NA,-0.194960602982913,0.845436139765709,0.00856807003783878,0.946384039900249,0.0887365088605555,153,0.167176470588228,0
"AMZN",1,"return","arma_garch","hist_mean",3208,0.0207241879729135,0.0143573070285402,-0.000340342429860918,0.530586766541823,NA,NA,0.71079672142749,0.47726190113924,0.0106591534830706,0.951995012468828,0.114216632032052,153,0.106209150326806,0
"GOOGL",1,"return","arma_garch","hist_mean",3208,0.0179243687539232,0.012525710159546,0.000358592289964155,0.532605304212168,NA,NA,-0.514393308950369,0.607012481042356,0.0092672058685497,0.942955112219451,0.0990728684513514,153,0.276287581699351,0
"NVDA",1,"return","arma_garch","hist_mean",3208,0.0292219006136037,0.0203795528106871,0.000193707578866609,0.542526579111945,NA,NA,-1.19367988177735,0.232691503668146,0.0150018702455785,0.946695760598504,0.156297720086056,153,0.143895424836617,0
"JPM",1,"return","arma_garch","hist_mean",3208,0.0165247787101155,0.0110779829541784,8.41688849623212e-05,0.529117094552286,NA,NA,-0.0853963944294513,0.931951590117142,0.00814517087129662,0.949189526184539,0.0834976800083812,153,0.253588235294126,0
"XOM",1,"return","arma_garch","hist_mean",3208,0.016872506015504,0.0118090844087437,0.000158327799608227,0.511569731081926,NA,NA,-0.324666191544909,0.745454900356951,0.00851710862993314,0.939526184538653,0.080318769833118,153,0.150549019607848,0
"JNJ",1,"return","arma_garch","hist_mean",3208,0.011378553467992,0.0078122638895551,-8.24180862308843e-05,0.525344180225282,NA,NA,0.131464284799154,0.895416284252162,0.00574214819040718,0.934850374064838,0.0593733170048128,153,0.313143790849671,0
"PG",1,"return","arma_garch","hist_mean",3208,0.0114483903713553,0.00784553234028106,-0.000131660821754753,0.527699530516432,NA,NA,0.28997797206704,0.771851836718466,0.00573107854702155,0.941708229426434,0.0590398194391674,153,0.16981699346406,0
"SPY",1,"return","arma_garch","hist_mean",3208,0.0108104558038058,0.00706058488649568,-0.00169799909563628,0.550905683947533,NA,NA,0.99390287785973,0.320345136724638,0.0051457342583513,0.9535536159601,0.0494821342801571,153,0.205522875816994,0
"POOLED",1,"return","arma_garch","hist_mean",32080,0.0177294349863904,0.0116753513398094,-4.90020084600307e-05,0.531688709626989,NA,NA,0.254594086532132,0.799038258930154,0.00858668994680306,0.945417705735661,0.0883818594382326,1530,0.210544444444448,0
"AAPL",5,"return","naive_zero","hist_mean",3204,0.0382862434478829,0.0289689265996067,-0.0127031392744956,NA,NA,NA,1.31471281324701,0.188700563726513,0.0210089958707924,0.93789013732834,0.210051117721215,153,1.96078431382773e-05,0
"MSFT",5,"return","naive_zero","hist_mean",3204,0.0348355375466104,0.0255468021828727,-0.012138217778547,NA,NA,NA,1.60936493570394,0.107635113649415,0.0188186134323791,0.947877652933833,0.200102381945268,153,0,0
"AMZN",5,"return","naive_zero","hist_mean",3204,0.0456007125968951,0.0332066926280751,-0.00512963557134394,NA,NA,NA,0.619365499588789,0.535719655306934,0.024627964024025,0.93414481897628,0.259662210842781,153,1.30718954252706e-05,0
"GOOGL",5,"return","naive_zero","hist_mean",3204,0.0384099959856418,0.0287362026767119,-0.00843920494389061,NA,NA,NA,1.39014797890187,0.16458054072267,0.0209636050495592,0.941947565543071,0.202559270704299,153,3.92156862745142e-05,0
"NVDA",5,"return","naive_zero","hist_mean",3204,0.0632060535767887,0.0472797290558484,-0.016575076682128,NA,NA,NA,2.27346520503192,0.0230640819522915,0.034416946589544,0.939450686641698,0.343830485577676,153,1.30718954252706e-05,0
"JPM",5,"return","naive_zero","hist_mean",3204,0.0353054377967477,0.0255615224272163,-0.00632060487127029,NA,NA,NA,1.20349536810968,0.228873622761589,0.0188505489954529,0.940387016229713,0.196456595754902,153,6.53594771241468e-06,0
"XOM",5,"return","naive_zero","hist_mean",3204,0.0369881850210484,0.0261868281676652,0.000312191333691092,NA,NA,NA,-0.142198594543615,0.886932085338293,0.0191395221936475,0.940699126092384,0.197832773495778,153,1.30718954245275e-05,0
"JNJ",5,"return","naive_zero","hist_mean",3204,0.0242392649124517,0.0179976657730632,-0.00634648892845879,NA,NA,NA,0.920084593784377,0.357597841937401,0.0131196279725674,0.946941323345818,0.131799036291178,153,1.96078431372615e-05,0
"PG",5,"return","naive_zero","hist_mean",3204,0.023216277636895,0.0170358014760381,-0.00186121862788435,NA,NA,NA,0.325014706680143,0.745191167752688,0.0125851246689565,0.946941323345818,0.128954598415634,153,2.6143790849055e-05,0
"SPY",5,"return","naive_zero","hist_mean",3204,0.0225246201855822,0.0157775317573172,-0.0111566193781871,NA,NA,NA,1.358706576077,0.17433526065045,0.0117791126349419,0.94350811485643,0.130941361626901,153,2.61437908505411e-05,0
"POOLED",5,"return","naive_zero","hist_mean",32040,0.0380494479561936,0.0266297702744413,-0.00967602869821405,NA,NA,NA,3.50176559331245,0.000462814923300558,0.0195310061431866,0.941978776529338,0.200218983237563,1530,1.76470588237132e-05,0
"AAPL",5,"return","hist_mean","hist_mean",3204,0.0380453582905877,0.0285475116956509,0,0.579144551982516,NA,NA,NA,NA,0.0208142646110324,0.936641697877653,0.211507730665482,153,1.30718954245275e-05,0
"MSFT",5,"return","hist_mean","hist_mean",3204,0.0346260223144564,0.0251842763518058,0,0.586875,NA,NA,NA,NA,0.0186663813701064,0.944444444444444,0.200872170942135,153,1.9607843137244e-05,0
"AMZN",5,"return","hist_mean","hist_mean",3204,0.0454842031254158,0.0329067388493688,0,0.56023720349563,NA,NA,NA,NA,0.0244951743987574,0.93227215980025,0.261061849625478,153,6.53594771226375e-06,0
"GOOGL",5,"return","hist_mean","hist_mean",3204,0.0382489397476888,0.0284726438642848,0,0.566656259756478,NA,NA,NA,NA,0.020851650433308,0.941323345817728,0.202971383556276,153,1.30718954248352e-05,0
"NVDA",5,"return","hist_mean","hist_mean",3204,0.0626886541247774,0.0466277572998058,0,0.585365853658537,-1.7840788039899,0.962794569525042,NA,NA,0.0340868840376436,0.938826466916355,0.344190282156959,153,6.53594771226375e-06,0
"JPM",5,"return","hist_mean","hist_mean",3204,0.0351943880852931,0.0252997776285314,0,0.574375,NA,NA,NA,NA,0.0187388668475814,0.939450686641698,0.197977795359122,153,1.30718954248294e-05,0
"XOM",5,"return","hist_mean","hist_mean",3204,0.0369939600686798,0.0261456921499583,0,0.534709193245779,0.808320918766582,0.209452931639613,NA,NA,0.0191337589196424,0.942883895131086,0.198583658677036,153,1.30718954245275e-05,0
"JNJ",5,"return","hist_mean","hist_mean",3204,0.0241627119888599,0.0179034898737849,0,0.546050577583515,NA,NA,NA,NA,0.0130649498381522,0.947565543071161,0.131906971963497,153,3.2679738562085e-05,0
"PG",5,"return","hist_mean","hist_mean",3204,0.0231947024651078,0.0169386524920351,0,0.553571428571429,NA,NA,NA,NA,0.0125488003143627,0.947877652933833,0.129975661231511,153,2.6143790849798e-05,0
"SPY",5,"return","hist_mean","hist_mean",3204,0.022400012564408,0.0153935892925604,0,0.611926319075866,NA,NA,NA,NA,0.0116319520267251,0.942883895131086,0.132312682084262,153,1.30718954245275e-05,0
"POOLED",5,"return","hist_mean","hist_mean",32040,0.0378666893994989,0.0263420129497786,0,0.569897512810899,0.645903290471737,0.259170994253105,NA,NA,0.0194032682797312,0.941416978776529,0.201136018626176,1530,1.56862745096902e-05,0
"AAPL",5,"return","arima","hist_mean",3204,0.0380415794518304,0.0285569482683531,0.000198639269615053,0.579456759288167,1.1734446843074,0.120308763508289,-0.300674294449058,0.763682386826909,0.0207375671225182,0.94350811485643,0.204919130175971,153,0.07665359477124,0
"MSFT",5,"return","arima","hist_mean",3204,0.0356585092161086,0.0258627522486257,-0.0605255989922535,0.571715548413017,0.592763296351408,0.27666978719843,2.82003790885683,0.00483132910199754,0.0189558836975891,0.936953807740325,0.201346368727995,153,0.508816993464052,0
"AMZN",5,"return","arima","hist_mean",3204,0.0455464974245769,0.0329318507960421,-0.00274103769752543,0.562330623306233,1.60162508862017,0.0546192697354084,1.16691920374833,0.243329868464398,0.0245372700441471,0.93601747815231,0.261844487377606,153,0.054588235294119,0
"GOOGL",5,"return","arima","hist_mean",3204,0.038413731921254,0.0285884246911058,-0.00863538549858456,0.554075235109718,-0.321101893009131,0.625933412101404,1.30242565976449,0.192864555545646,0.0208815742472362,0.924469413233458,0.210319752780825,153,0.488150326797386,0
"NVDA",5,"return","arima","hist_mean",3204,0.0848321495471976,0.0590956084536551,-0.831230661221857,0.571932575460604,1.78681594766365,0.0369836204693947,6.11797367448804,1.06243174404489e-09,0.0444407400823249,0.945692883895131,0.456992397883802,153,0.16061437908497,0
"JPM",5,"return","arima","hist_mean",3204,0.03529482994068,0.0254012884016205,-0.00571597843908167,0.5453125,-0.151047686856018,0.560030950631356,1.86645190414604,0.0620694804903776,0.0189127308996674,0.953807740324594,0.201004574024797,153,0.273973856209151,0
"XOM",5,"return","arima","hist_mean",3204,0.0370175859214363,0.0261939373544847,-0.00127768948929319,0.492393915132106,-0.85378891163149,0.803389020299423,0.530669770702194,0.59568442757227,0.0193083443435065,0.914169787765293,0.21762819239022,153,0.219941176470589,0
"JNJ",5,"return","arima","hist_mean",3204,0.0241446014012079,0.0179056036555109,0.00149849077203279,0.543240711832657,-1.4464808595767,0.92597881163359,-0.869381113827977,0.384703851294333,0.012966845671737,0.93039950062422,0.132044472101166,153,0.125307189542484,0
"PG",5,"return","arima","hist_mean",3204,0.0231627329508767,0.0169613737436871,0.00275472231749352,0.538103756708408,0.388116632272374,0.348964862036057,-0.328384756810843,0.742642232654825,0.0123906589297003,0.928214731585518,0.128191867982547,153,0.80201307189542,0
"SPY",5,"return","arima","hist_mean",3204,0.0224726241313974,0.0154364443627819,-0.00649367986732119,0.580705588510771,-1.14293816537293,0.873467867416733,0.35282205329053,0.724245065254149,0.0115899133464977,0.947565543071161,0.131704184478368,153,0.446052287581688,0
"POOLED",5,"return","arima","hist_mean",32040,0.0420782632355337,0.0276934231975866,-0.234812273669978,0.557579297003322,0.192097869801035,0.423832771745632,6.02668241309915,1.69184481905312e-09,0.0204721528384924,0.936079900124844,0.21459954279233,1530,0.31561111111111,0
"AAPL",5,"return","ets","hist_mean",3204,0.0385095305000483,0.0290446566613564,-0.0245498423902171,0.52138620043709,0.327919852025329,0.371486131599801,2.38985959069954,0.0169122983163318,0.0210344088129972,0.946629213483146,0.206111517188088,153,0.0437973856209114,0
"MSFT",5,"return","ets","hist_mean",3204,0.0348294822257177,0.0255648051900153,-0.0117863765581232,0.5009375,-0.623894033778364,0.733651410614383,1.45817667630047,0.144889893691494,0.0186543153956518,0.934769038701623,0.195526811555596,153,0.0512614379084955,0
"AMZN",5,"return","ets","hist_mean",3204,0.0456017320191771,0.0332011699975755,-0.00517457622869344,0.502184769038702,0.360738954479127,0.359147300638808,0.62610789643629,0.531288786784393,0.0246156191098866,0.937578027465668,0.260382573051994,153,0.0455163398692807,0
"GOOGL",5,"return","ets","hist_mean",3204,0.0383978906365617,0.0287336804089791,-0.00780366283456635,0.502029347486731,-0.361193113021135,0.641022454929538,1.26208276739411,0.207010895607757,0.0209059741939167,0.926966292134832,0.208698438720947,153,0.0508235294117651,0
"NVDA",5,"return","ets","hist_mean",3204,0.0635354236173667,0.0472426551064307,-0.0271975332958065,0.540337711069418,0.53342071109518,0.296871191893769,2.5675906005824,0.010285787962609,0.0344550571840321,0.928214731585518,0.344176189601349,153,0.0776862745098068,0
"JPM",5,"return","ets","hist_mean",3204,0.0353749245184623,0.0255879272088552,-0.0102857012906992,0.5034375,-0.443896065553429,0.671441135374368,1.8617082107571,0.0627357582156747,0.01895212024871,0.951935081148564,0.199253689230901,153,0.0620196078431373,0
"XOM",5,"return","ets","hist_mean",3204,0.0370101745659321,0.0261812014649816,-0.000876794516678547,0.511882426516573,0.994364273802182,0.160022777328038,0.242408189835017,0.808479408998174,0.0192710113457592,0.912921348314607,0.216350802308055,153,0.0548300653594832,0
"JNJ",5,"return","ets","hist_mean",3204,0.02423996355366,0.0180113128686735,-0.00640450102261214,0.491414299094599,-0.730108263502035,0.767337994685277,0.868176399791191,0.385362813689347,0.0130342106785539,0.928838951310861,0.131322609875142,153,0.0419281045751639,0
"PG",5,"return","ets","hist_mean",3204,0.0231837253262303,0.0170259730487564,0.000946297230621673,0.509085213032581,1.33188491851742,0.0914490037976312,-0.153193701484421,0.878255174484358,0.0123969939741047,0.935393258426966,0.126019248543524,153,0.0493986928104538,0
"SPY",5,"return","ets","hist_mean",3204,0.0225109402652732,0.0157722897473342,-0.00992877700951778,0.511083359350609,2.0006992602104,0.0227124046040307,1.19785497792804,0.231062111349369,0.0117314865660699,0.947565543071161,0.128716947787111,153,0.0257254901960809,0
"POOLED",5,"return","ets","hist_mean",32040,0.038130938206356,0.0266365671702957,-0.0140054928305304,0.509373828271466,1.36380513841834,0.0863144513273909,3.96920772931215,7.2269142885326e-05,0.0195051197509682,0.935081148564295,0.201655882786271,1530,0.050298692810458,0
"AAPL",5,"return","stlf","hist_mean",3204,0.0420729563490487,0.032794242516667,-0.222933108113376,0.492975335622854,0.995965445247377,0.159633467417925,5.83841506585691,5.79680933145885e-09,0.023431201194284,0.908863920099875,0.222044559311404,153,0.0101176470588228,0
"MSFT",5,"return","stlf","hist_mean",3204,0.0374043117498637,0.0283890578211513,-0.166912056218812,0.4884375,1.58877838871998,0.0560552170147536,5.22743363655166,1.82898525910715e-07,0.0204593696066919,0.909176029962547,0.206256524358407,153,0.0134771241830049,0
"AMZN",5,"return","stlf","hist_mean",3204,0.049806626990572,0.0376513938100697,-0.19909359192538,0.485955056179775,0.126163450297642,0.449801271285736,5.33840008232906,1.00306906924839e-07,0.0273003160984504,0.913233458177278,0.281263980834928,153,0.0137516339869254,0
"GOOGL",5,"return","stlf","hist_mean",3204,0.0417713982667838,0.0320474567776051,-0.192667058457138,0.483609116453325,-0.0553806024053675,0.522082375421896,5.76328907953195,9.03145028318347e-09,0.0230856704479841,0.89481897627965,0.234674352053447,153,0.0139215686274514,0
"NVDA",5,"return","stlf","hist_mean",3204,0.070589299981063,0.0547112474714688,-0.267943373264061,0.458098811757348,-1.41078454647089,0.920845923759904,7.54144773797901,6.017350271633e-14,0.0394274309544507,0.879837702871411,0.400034846658326,153,0.0121045751633918,0
"JPM",5,"return","stlf","hist_mean",3204,0.0391522395882162,0.0293694223827134,-0.237560336748539,0.4809375,-0.77190250261749,0.779913912507917,6.51122309771407,8.62223410146999e-11,0.0212240520151522,0.920724094881398,0.213378314916831,153,0.013718954248366,0
"XOM",5,"return","stlf","hist_mean",3204,0.0389986484226621,0.0280582504970797,-0.111315738705103,0.51313320825516,1.5406094821932,0.061705929377658,2.99902320958294,0.00272930594654201,0.0205984299829184,0.881710362047441,0.235339666503556,153,0.0108496732026164,0
"JNJ",5,"return","stlf","hist_mean",3204,0.0257212487723555,0.0198228031701125,-0.133163938347086,0.477677177645957,-1.28475002890542,0.900560175166343,4.21840247094333,2.52859239332529e-05,0.0142729384639865,0.89107365792759,0.140008472864352,153,0.0110130718954249,0
"PG",5,"return","stlf","hist_mean",3204,0.0245292138411198,0.0185729370668682,-0.118380656448461,0.512531328320802,2.24919227093526,0.0122501330019191,4.00767950405192,6.27146558583933e-05,0.0134065749999265,0.899812734082397,0.134351680922443,153,0.0105816993464062,0
"SPY",5,"return","stlf","hist_mean",3204,0.0241456151598624,0.0178595777203456,-0.161930160663219,0.48204807992507,1.15283066557978,0.124489947484388,4.76899307194257,1.93412294611586e-06,0.0128720554542511,0.926966292134832,0.131140014360743,153,0.00628104575165041,0
"POOLED",5,"return","stlf","hist_mean",32040,0.0415664328703765,0.0299276389234083,-0.204955025330349,0.48753280839895,0.894583238461545,0.185504957616226,14.7085343792523,8.20149662067968e-49,0.0216078039218096,0.902621722846442,0.219849241278443,1530,0.011581699346406,0
"AAPL",5,"return","elastic_net","hist_mean",3204,0.0381487786798132,0.0286516688498664,-0.00544407833176241,0.57040274742429,-2.1400708997149,0.983825481294558,1.71545292054515,0.0863589330758246,0.0208128159084525,0.945068664169788,0.205741101081977,153,0.0361764705882343,0
"MSFT",5,"return","elastic_net","hist_mean",3204,0.0347624408463984,0.025297546345224,-0.00789505993252404,0.578125,1.93300217419101,0.0266179649827263,0.65959070798344,0.509563939833779,0.0185651610023014,0.934456928838951,0.198316527612573,153,0.0570326797385619,0
"AMZN",5,"return","elastic_net","hist_mean",3204,0.0455172505352206,0.0329158397520444,-0.00145366580676387,0.56023720349563,NA,NA,0.654321294236049,0.512951807195343,0.0244810402853373,0.931960049937578,0.263136929411514,153,0.043993464052289,0
"GOOGL",5,"return","elastic_net","hist_mean",3204,0.0382839216823979,0.0284885188040647,-0.00183000793900501,0.561660942866063,0.511621525560578,0.304457958711508,0.467222482044801,0.640372492029607,0.0208224047415207,0.926029962546816,0.209819100507504,153,0.0560326797385625,0
"NVDA",5,"return","elastic_net","hist_mean",3204,0.0628340523650423,0.0467170974557523,-0.0046441212854571,0.58599124452783,0.195627726620036,0.422450778436614,0.808200994355034,0.419034905710006,0.0341075423425203,0.930711610486891,0.343323059171981,153,0.0373529411764745,0
"JPM",5,"return","elastic_net","hist_mean",3204,0.0351872935132545,0.0253254871240114,0.000403124324861781,0.5684375,-0.8804432490556,0.810690382006807,-0.292571843441711,0.769868388574636,0.0188354567181593,0.951622971285893,0.200414322602028,153,0.0567189542483661,0
"XOM",5,"return","elastic_net","hist_mean",3204,0.0369969383909073,0.0261327130211776,-0.000161023156856954,0.542213883677298,2.5147313648278,0.00595615562245133,0.148255199323858,0.88215070254836,0.0192708231783499,0.91167290886392,0.217775572323203,153,0.0427189542483642,0
"JNJ",5,"return","elastic_net","hist_mean",3204,0.0241565537727638,0.0179153016836022,0.000509663927110604,0.546050577583515,NA,NA,-0.312455553435584,0.754714676409281,0.012973105915478,0.93039950062422,0.131854407267467,153,0.0558888888888891,0
"PG",5,"return","elastic_net","hist_mean",3204,0.0232201490029468,0.0169676412610773,-0.00219537166923778,0.550438596491228,0.931650687942715,0.175758539280632,0.634619396152188,0.525721999667496,0.0123875498847854,0.930087390761548,0.128432462443977,153,0.0405163398692763,0
"SPY",5,"return","elastic_net","hist_mean",3204,0.0224117094830861,0.0154292602537613,-0.00104463982900493,0.587886356540743,-2.39294372914767,0.99164309789256,0.0754740670798195,0.939842243540207,0.0115724040253315,0.946004993757803,0.13051648166013,153,0.0231111111111174,0
"POOLED",5,"return","elastic_net","hist_mean",32040,0.0379226472013516,0.0263841074550581,-0.00295769969778181,0.565148106486689,0.583076399054375,0.279920935355266,1.45683901119663,0.145170624507671,0.0193828304002236,0.933801498127341,0.202932996408235,1530,0.0449542483660135,0
"AAPL",5,"return","random_forest","hist_mean",3204,0.0395509379618245,0.0298388233760307,-0.0807126074903655,0.51482984701842,-2.71842795027843,0.996720353021434,4.61082064697551,4.16772480821688e-06,0.0215862746917545,0.923533083645443,0.217003092786655,153,2.15548366013072,0
"MSFT",5,"return","random_forest","hist_mean",3204,0.0356156902570501,0.0261589864480701,-0.0579801567662601,0.53125,0.418414752169755,0.337821951268531,2.49097674187064,0.0127895099008524,0.0190926986166009,0.916042446941323,0.205560530222,153,2.20469281045752,0
"AMZN",5,"return","random_forest","hist_mean",3204,0.0463948434193679,0.0337708290388038,-0.040442888126299,0.531523096129838,0.586573308915024,0.278745156529829,1.70183323588109,0.0888836786797337,0.0249029533325012,0.914794007490637,0.273491653473607,153,2.1363660130719,0
"GOOGL",5,"return","random_forest","hist_mean",3204,0.0391475738201997,0.0294052302701661,-0.0475406895634016,0.505775835154543,-1.47118140140282,0.929378967221322,2.67909078941508,0.00741998095728023,0.0213637060541103,0.907615480649189,0.21962174058955,153,2.32160784313726,0
"NVDA",5,"return","random_forest","hist_mean",3204,0.0644854039225734,0.048327762664374,-0.0581444467162475,0.543777360850532,0.914183952702509,0.180310097413185,3.03640900000409,0.00241341968293531,0.0351925348437892,0.897940074906367,0.368033741080635,153,2.09481699346406,0
"JPM",5,"return","random_forest","hist_mean",3204,0.0360309026175897,0.0260894108944925,-0.0481017507157544,0.510625,-0.452450882500994,0.67452790096568,2.112468691623,0.0347234632590705,0.0192077117203923,0.934769038701623,0.204877729911795,153,2.4677908496732,0
"XOM",5,"return","random_forest","hist_mean",3204,0.039391763281659,0.0274336831274631,-0.13383326912391,0.505315822388993,0.244207410014785,0.403535094209388,2.66989014054755,0.00762592490767985,0.0203411703789552,0.881710362047441,0.251950929565266,153,2.35350326797386,0
"JNJ",5,"return","random_forest","hist_mean",3204,0.0255809979175967,0.0187639221211061,-0.120839970776328,0.505775835154543,-0.453531318177211,0.674916901455316,1.95351540394315,0.0508454927684758,0.0136717206096333,0.894506866416979,0.1482532781627,153,2.35730718954249,0
"PG",5,"return","random_forest","hist_mean",3204,0.0242236695852244,0.0174898243137031,-0.0906923228794383,0.533208020050125,1.66540167509172,0.0479163227280177,2.05213657447744,0.0402375042909442,0.0128135137717746,0.903245942571785,0.142157930830017,153,2.20628104575164,0
"SPY",5,"return","random_forest","hist_mean",3204,0.0231758714945665,0.0159928820633854,-0.0704727698080956,0.519200749297534,-2.14592793563533,0.984060635687253,1.86256806570553,0.0626145497441123,0.0118885469747511,0.932896379525593,0.13644447652591,153,1.5067908496732,0
"POOLED",5,"return","random_forest","hist_mean",32040,0.0391207963072874,0.0273271354317595,-0.0673348693377946,0.520122484689414,-0.616831611161706,0.73132710040219,7.2044906066311,5.95453945392159e-13,0.0200060830994263,0.910705368289638,0.216739510314813,1530,2.18046405228758,0
"AAPL",5,"return","arma_garch","hist_mean",3204,0.0381034353501951,0.0284948605089833,-0.00305537338380057,0.579144551982516,NA,NA,0.631565330295697,0.527716016548486,0.020579345965373,0.944756554307116,0.199779569473011,153,0.158071895424848,0
"MSFT",5,"return","arma_garch","hist_mean",3204,0.0346257640714466,0.0251561394365075,1.49160677148652e-05,0.586875,NA,NA,-0.00571845813381745,0.99543771152704,0.0183947231946325,0.951310861423221,0.187964926373155,153,0.317823529411764,0
"AMZN",5,"return","arma_garch","hist_mean",3204,0.0455266299538124,0.0329480265872357,-0.00186643330925884,0.56023720349563,NA,NA,0.771008974456474,0.440758482110671,0.0243141974860828,0.941011235955056,0.248035460472207,153,0.210117647058832,0
"GOOGL",5,"return","arma_garch","hist_mean",3204,0.0382128172118737,0.0283926651614727,0.0018879204955724,0.566656259756478,NA,NA,-0.550608578102314,0.581940425566809,0.0206794391069712,0.93789013732834,0.202046741682827,153,0.295137254901962,0
"NVDA",5,"return","arma_garch","hist_mean",3204,0.0626594942665549,0.046626223060558,0.00093009099403385,0.592870544090056,NA,NA,-1.09357710161881,0.274222732737259,0.0338739904360831,0.943196004993758,0.335261371753764,153,0.172823529411756,0
"JPM",5,"return","arma_garch","hist_mean",3204,0.0351891284750082,0.0251855748499722,0.00029886681149538,0.574375,NA,NA,-0.0616275107148498,0.950863313247822,0.0184683217864471,0.943820224719101,0.188559956453301,153,0.306490196078426,0
"XOM",5,"return","arma_garch","hist_mean",3204,0.0369797916834884,0.0261357237083313,0.000765837016474591,0.535959974984365,NA,NA,-0.32098057349236,0.748246053732669,0.0189261470137668,0.939138576779026,0.184296710308255,153,0.209124183006516,0
"JNJ",5,"return","arma_garch","hist_mean",3204,0.0241712737331129,0.0179116386519473,-0.000708799668560856,0.546050577583515,NA,NA,0.230298409191057,0.81787460364834,0.0129318913590616,0.938826466916355,0.123810308316119,153,0.270294117647064,0
"PG",5,"return","arma_garch","hist_mean",3204,0.0232092756094963,0.0169335310954277,-0.00125698723976253,0.553571428571429,NA,NA,0.535560750181248,0.592299344432066,0.0122830108271748,0.943820224719101,0.118393631688477,153,0.227960784313734,0
"SPY",5,"return","arma_garch","hist_mean",3204,0.0225148357406315,0.015313168977349,-0.0102783397569581,0.611926319075866,NA,NA,1.17847774620252,0.238693740431012,0.0112301074312826,0.954744069912609,0.113852500365305,153,0.128856209150329,0
"POOLED",5,"return","arma_garch","hist_mean",32040,0.0378755059522496,0.0263097552037785,-0.000465716928283344,0.570772403449569,NA,NA,0.483592007092871,0.628678753340454,0.0191681174606876,0.943851435705368,0.190200117688642,1530,0.229669934640523,0
