"ticker","h","task","model","benchmark","n","refits","mean_fit_secs","errors","qlike_r2","mse_r2","dm_qlike_p_r2","dm_mse_p_r2","dm_qlike_stat_r2","qlike_gk","mse_gk","dm_qlike_p_gk","dm_mse_p_gk","dm_qlike_stat_gk"
"AAPL",1,"volatility","hist_var","hist_var",3208,153,6.53594771226376e-06,0,1.77897465546711,8.08752113920283e-07,NA,NA,NA,0.490822021095779,2.29202571972926e-07,NA,NA,NA
"MSFT",1,"volatility","hist_var","hist_var",3208,153,6.53594771226376e-06,0,1.81427831847897,8.91825098442942e-07,NA,NA,NA,0.448164853879493,1.72745340825316e-07,NA,NA,NA
"AMZN",1,"volatility","hist_var","hist_var",3208,153,6.53594771226376e-06,0,1.86247712999757,1.55170056143034e-06,NA,NA,NA,0.485751308962655,2.1431056580328e-07,NA,NA,NA
"GOOGL",1,"volatility","hist_var","hist_var",3208,153,1.96078431375343e-05,0,1.80921761891798,7.98149939757976e-07,NA,NA,NA,0.412680886805423,1.19619083982332e-07,NA,NA,NA
"NVDA",1,"volatility","hist_var","hist_var",3208,153,0,0,1.79151220887599,6.8521190555237e-06,NA,NA,NA,0.444645305076148,9.38795505762832e-07,NA,NA,NA
"JPM",1,"volatility","hist_var","hist_var",3208,153,2.6143790849055e-05,0,1.67940249842305,1.02710013935605e-06,NA,NA,NA,0.469170299641352,4.60263798843798e-07,NA,NA,NA
"XOM",1,"volatility","hist_var","hist_var",3208,153,0,0,1.46288926003911,6.01297025114939e-07,NA,NA,NA,0.357403209966252,1.66716383502265e-07,NA,NA,NA
"JNJ",1,"volatility","hist_var","hist_var",3208,153,6.53594771226376e-06,0,1.73974050983577,1.67250809648159e-07,NA,NA,NA,0.450839925097887,9.37246203301559e-08,NA,NA,NA
"PG",1,"volatility","hist_var","hist_var",3208,153,0,0,1.61798365327665,1.892941423837e-07,NA,NA,NA,0.38044997146401,5.88923612697387e-08,NA,NA,NA
"SPY",1,"volatility","hist_var","hist_var",3208,153,1.96078431375343e-05,0,1.70941028584939,2.06852879419454e-07,NA,NA,NA,0.549705449629837,5.85544212779115e-08,NA,NA,NA
"POOLED",1,"volatility","hist_var","hist_var",32080,1530,9.15032679731788e-06,0,1.72662828864522,1.30949912453106e-06,NA,NA,NA,0.448963323161883,2.51282465357055e-07,NA,NA,NA
"AAPL",1,"volatility","ewma","hist_var",3208,153,1.96078431375343e-05,0,1.693588396291,7.71350990729322e-07,1.12832681944526e-05,0.000340074850728047,-4.39796285197036,0.45710019807321,1.75725650864554e-07,9.23821771832888e-07,5.68031772085067e-08,-4.91681841795802
"MSFT",1,"volatility","ewma","hist_var",3208,153,6.53594771226375e-06,0,1.7062626156886,8.46916909610514e-07,6.40249355603791e-05,0.000350103705460801,-4.00279059733416,0.414150934453237,1.19378340661064e-07,4.90154991067357e-07,2.506522695634e-05,-5.04045907066809
"AMZN",1,"volatility","ewma","hist_var",3208,153,6.53594771226376e-06,0,1.7622425568466,1.50661329002001e-06,1.15600030184985e-05,2.07567279100308e-16,-4.39266133055663,0.457310563073072,1.68148159810101e-07,4.01085078022136e-07,6.6869400514112e-33,-5.07900619956888
"GOOGL",1,"volatility","ewma","hist_var",3208,153,1.96078431375343e-05,0,1.70164907997768,7.70046497024061e-07,0.000244996888805802,6.58562954083869e-07,-3.67157308797484,0.390994008665982,9.07880354538776e-08,3.22943860232906e-08,2.28175928810227e-10,-5.5421522778058
"NVDA",1,"volatility","ewma","hist_var",3208,153,1.30718954260136e-05,0,1.7130087386737,6.67550821541721e-06,5.46273154284272e-07,1.73853553293219e-06,-5.019543026467,0.424615733012769,7.20395097302675e-07,0.000560348807832294,1.22839365712692e-12,-3.4535880303112
"JPM",1,"volatility","ewma","hist_var",3208,153,1.96078431375343e-05,0,1.61605566733476,9.53952876008925e-07,8.23386025394398e-06,0.00101346108213237,-4.46631240171311,0.429302913393817,3.75302682120326e-07,0.00822960819290335,0.000540199954638618,-2.64414695599408
"XOM",1,"volatility","ewma","hist_var",3208,153,1.30718954245275e-05,0,1.42139351457095,5.67122241585762e-07,3.42171177827656e-09,0.000390497317391466,-5.92661363972682,0.33715406108438,1.40670022299824e-07,5.21108842906061e-06,0.000581229604664203,-4.56384433685198
"JNJ",1,"volatility","ewma","hist_var",3208,153,5.8823529414089e-05,0,1.69655823440988,1.58734879258849e-07,0.00802633743236889,0.0119763983658068,-2.65262602906095,0.408850464786774,8.06093638930594e-08,3.19406918642639e-08,1.69543372039977e-05,-5.54409830101201
"PG",1,"volatility","ewma","hist_var",3208,153,0,0,1.5626783336525,1.74795141504476e-07,0.000226087274599901,0.00513570742416428,-3.69214736391784,0.339775116281797,4.35564856361822e-08,1.47360629658289e-12,0.000829412264421459,-7.105228476006
"SPY",1,"volatility","ewma","hist_var",3208,153,4.57516339865893e-05,0,1.63542177790008,1.90137490225138e-07,0.000173916628021568,0.00196402758619917,-3.75860046389707,0.540152451086226,3.95996635105244e-08,0.191881747922798,0.00026662586784705,-1.30530765324473
"POOLED",1,"volatility","ewma","hist_var",32080,1530,2.02614379088351e-05,0,1.65091588617117,1.26158936152191e-06,4.23224315442442e-34,4.83186746415707e-23,-12.1890555385019,0.419940644391126,1.95417350155219e-07,2.78338194986596e-34,1.72094866331743e-36,-12.2232773212933
"AAPL",1,"volatility","garch11","hist_var",3208,153,0.302947712418304,0,1.62861391058167,7.4113350982695e-07,0.000112548509366741,0.000335286231743198,-3.86661993898733,0.471555662940916,1.50651488968832e-07,0.0662196115331497,1.21127070372357e-08,-1.8375607914316
"MSFT",1,"volatility","garch11","hist_var",3208,153,0.157274509803927,0,1.66084765484847,8.11683262845405e-07,0.000342747615717415,0.00047195239019191,-3.58452796399229,0.412546746223596,9.18415016435847e-08,9.21414186010824e-05,2.77247211191818e-06,-3.91537694233917
"AMZN",1,"volatility","garch11","hist_var",3208,153,0.145758169934636,0,1.68734504556734,1.48896644805507e-06,0.00238773428451883,1.84550939670072e-09,-3.03964273033451,0.496837632396429,1.4796324751161e-07,0.343324094202667,2.14275702722184e-28,0.947757961330567
"GOOGL",1,"volatility","garch11","hist_var",3208,153,0.213261437908498,0,1.68058015647107,7.67454438801706e-07,0.00218434178096734,0.00270453400742559,-3.0664369767478,0.416904035506729,7.20176390416372e-08,0.530744500393146,4.16501296114996e-14,0.626938005705404
"NVDA",1,"volatility","garch11","hist_var",3208,153,0.142359477124192,0,1.6751373562668,6.65234231705718e-06,0.000119945249269696,0.000179093082649652,-3.85099346747778,0.443114406384722,6.7624894995287e-07,0.832437249816868,1.05007589750661e-13,-0.211593982070346
"JPM",1,"volatility","garch11","hist_var",3208,153,0.211993464052284,0,1.57743130414747,9.05986341010102e-07,1.31395574634615e-07,0.000866664571122742,-5.28882998871871,0.419657500273994,3.3605410666948e-07,0.0525001638270169,7.20760928794249e-06,-1.93972936594321
"XOM",1,"volatility","garch11","hist_var",3208,153,0.145477124182995,0,1.41065809583051,5.55596372924486e-07,9.5663592249632e-08,0.00137432802256986,-5.34708838141182,0.329949274307545,1.16507542923355e-07,8.83067333851051e-05,2.6501307959914e-06,-3.92566951006566
"JNJ",1,"volatility","garch11","hist_var",3208,153,0.254947712418301,0,1.6721840559139,1.49218741421673e-07,0.0281817641501806,4.42042385583435e-05,-2.1957462150301,0.373795059042476,7.29440178794499e-08,0.00195739707902828,6.24227992420697e-07,-3.09917946475346
"PG",1,"volatility","garch11","hist_var",3208,153,0.16330718954249,0,1.52800885354669,1.5760212644539e-07,3.89487245998373e-05,0.000497577264175214,-4.11940668232894,0.321120330943897,2.79649937511437e-08,6.88774273290632e-13,1.98731262978827e-05,-7.21118257071553
"SPY",1,"volatility","garch11","hist_var",3208,153,0.210647058823528,0,1.55439296508186,1.67599083326565e-07,1.41057296799294e-07,0.0456381893863044,-5.27569123230499,0.518268420163759,4.23242599551607e-08,0.00505982441889536,0.0374136082663964,-2.80513713222363
"POOLED",1,"volatility","garch11","hist_var",32080,1530,0.194797385620915,0,1.60754007814948,1.23983930242619e-06,2.929449205787e-27,1.69115096674989e-19,-10.8247754633286,0.420374906818406,1.73451774829713e-07,8.7394134306307e-11,1.68250752069428e-48,-6.4894686880976
"AAPL",1,"volatility","har_gk","hist_var",3208,153,0.00291503267973725,0,1.72436221579716,7.77877274590379e-07,0.074415399400352,0.326664246499104,-1.78463406009694,0.328846587292142,1.05353107749436e-07,7.51447038008454e-50,3.41851967166074e-12,-15.1047459254316
"MSFT",1,"volatility","har_gk","hist_var",3208,153,0.00169934640522721,0,1.70303179709732,8.53066207813293e-07,0.00492352420587642,0.239417195550504,-2.81396002052839,0.286087678839974,5.5457932552613e-08,1.0992520699675e-57,1.15915967868983e-08,-16.3359341735066
"AMZN",1,"volatility","har_gk","hist_var",3208,153,0.00122875816993679,0,1.77144880670158,1.48324905196717e-06,0.0282726285930022,2.15579533560242e-07,-2.19447794904572,0.305033131267115,8.84463639335364e-08,6.99112212271619e-65,3.9366381421933e-75,-17.4017778358553
"GOOGL",1,"volatility","har_gk","hist_var",3208,153,0.00249019607843267,0,1.76731059779722,7.69903165923491e-07,0.255734651409007,0.0369768041233174,-1.13673366323346,0.271777674731609,4.54002567258897e-08,9.64512345723316e-64,1.26380337066356e-21,-17.2366202788552
"NVDA",1,"volatility","har_gk","hist_var",3208,153,0.00206535947711844,0,1.78127132638644,6.63637022210955e-06,0.776165312525758,0.0305464196532797,-0.28434383353057,0.296120041213792,3.76445005242851e-07,4.78890836077362e-50,1.23548130810222e-23,-15.136527955589
"JPM",1,"volatility","har_gk","hist_var",3208,153,0.001973856209146,0,1.64097130406506,1.01345677919025e-06,0.205091055689301,0.81536495183819,-1.26743824739515,0.346333846860636,2.95649079679736e-07,7.8305343716863e-24,0.000107487966223889,-10.146557511796
"XOM",1,"volatility","har_gk","hist_var",3208,153,0.00154901960785109,0,1.4941259932825,5.93906581211786e-07,0.165821409868897,0.753782230861199,1.38607257039495,0.253411181312798,1.17163580133583e-07,5.47551431006548e-33,0.000606760982932265,-12.0998626443608
"JNJ",1,"volatility","har_gk","hist_var",3208,153,0.00216993464052952,0,1.64489051940443,1.62068059770733e-07,0.0002876759623983,0.577016777834539,-3.63017066042603,0.342721634183395,7.06175635522191e-08,3.40459161839895e-09,1.61620808544358e-05,-5.92739466489319
"PG",1,"volatility","har_gk","hist_var",3208,153,0.00155555555555741,0,1.55140540735906,1.89015195341834e-07,0.0062908013806608,0.984190796171841,-2.73403720810889,0.29417870507346,4.60494387356421e-08,7.52859866948482e-17,0.216834802858883,-8.38448549772674
"SPY",1,"volatility","har_gk","hist_var",3208,153,0.00224183006536814,0,1.63306160942565,1.93131941348193e-07,0.00951349166743742,0.275387942140543,-2.5945934794625,0.386416348740347,2.1467652741233e-08,7.3431902551628e-59,1.82183665343928e-05,-16.5138905988259
"POOLED",1,"volatility","har_gk","hist_var",32080,1530,0.00198888888889045,0,1.67123671799124,1.2672614727284e-06,6.04795838989941e-08,0.0011116318412283,-5.41866283858593,0.311092682951527,1.22204998104674e-07,0,7.33503398210194e-60,-39.097006920967
"AAPL",1,"volatility","har_r2","hist_var",3208,153,0.00485620915032788,0,2.09381102254196,1.43571330905509e-06,5.87139169162424e-08,4.26769804470842e-09,5.43558193632828,1.19259050568148,1.22961931449018e-06,8.20062798977285e-277,5.53455777407905e-62,39.3617338949577
"MSFT",1,"volatility","har_r2","hist_var",3208,153,0.00135294117648318,0,2.24584120532552,3.57878268094817e-06,4.38377181575629e-09,8.5508911497546e-09,5.88536797161918,1.32082201034516,3.62296739098316e-06,0,8.68763368318193e-15,57.1436371893943
"AMZN",1,"volatility","har_r2","hist_var",3208,153,0.00177124183006954,0,2.03999633485788,2.53856839835212e-06,0.048761924418386,6.03947227796016e-30,1.97141890145182,1.14885154862166,1.64384092410714e-06,2.91988114859091e-258,7.58218580019119e-149,37.7411581696254
"GOOGL",1,"volatility","har_r2","hist_var",3208,153,0.00198692810457202,0,2.11674756749168,1.57365798562925e-06,3.17059158342643e-05,2.50279810278641e-42,4.16680735651981,1.17497067381423,1.18009190947978e-06,0,5.52342551251283e-173,62.7917396460927
"NVDA",1,"volatility","har_r2","hist_var",3208,153,0.00172549019606141,0,2.20032127990868,2.26000740631777e-05,1.93694496646223e-07,5.80546701213799e-36,5.21674716756571,1.35107586878522,1.98811246178792e-05,0,1.07708097496156e-64,57.526016807065
"JPM",1,"volatility","har_r2","hist_var",3208,153,0.00207189542483888,0,2.14562271763175,3.48296415440117e-06,4.09529444405607e-25,7.31817428821663e-07,10.4403709597298,1.19702995744396,3.56546643869367e-06,1.05185563869616e-50,1.25624462496858e-11,15.2430371118527
"XOM",1,"volatility","har_r2","hist_var",3208,153,0.00292810457516697,0,1.91294445273367,2.09640605801569e-06,1.44781576481171e-45,2.27281977417424e-09,14.3943726769725,1.06626232524717,1.85545201705556e-06,0,9.31521375586177e-14,53.2370333973537
"JNJ",1,"volatility","har_r2","hist_var",3208,153,0.00209150326796452,0,2.2673662967632,4.83956178279068e-07,2.24690218460134e-18,8.72078062491598e-05,8.7974268743603,1.12755171566638,4.62078594699045e-07,8.68410624319923e-43,5.97957417014098e-06,13.9158722084672
"PG",1,"volatility","har_r2","hist_var",3208,153,0.00272549019607492,0,2.05622684520266,3.108532000319e-07,1.98420657743999e-23,1.76982738816084e-05,10.0527950121211,1.02960772007879,2.45434201147022e-07,8.4769241146293e-267,5.53828887955321e-21,38.4900210498061
"SPY",1,"volatility","har_r2","hist_var",3208,153,0.00228104575162909,0,2.12294350572671,7.46531714329979e-07,4.57657960269125e-16,0.000129123533414223,8.16491185746835,1.36349085843084,8.03938722167027e-07,8.31015618506825e-293,4.30937920257234e-09,40.7404126276147
"POOLED",1,"volatility","har_r2","hist_var",32080,1530,0.00237908496731884,0,2.12012638189543,3.88404488173943e-06,1.00378516661809e-86,6.72405377089328e-68,19.7990977920802,1.19722531841149,3.44900141307018e-06,0,5.20970704842395e-127,90.8648151136663
"AAPL",5,"volatility","hist_var","hist_var",3204,153,1.30718954274997e-05,0,0.634987414450194,7.74002805468894e-06,NA,NA,NA,0.339570169695139,4.36828194302836e-06,NA,NA,NA
"MSFT",5,"volatility","hist_var","hist_var",3204,153,1.96078431367912e-05,0,0.681116330834556,9.27762899666499e-06,NA,NA,NA,0.312867349454696,4.0274114259958e-06,NA,NA,NA
"AMZN",5,"volatility","hist_var","hist_var",3204,153,1.30718954245275e-05,0,0.760134840496803,1.1369808693516e-05,NA,NA,NA,0.353437284127957,4.23441667577181e-06,NA,NA,NA
"GOOGL",5,"volatility","hist_var","hist_var",3204,153,3.26797385635479e-05,0,0.659236558822274,6.10063697483227e-06,NA,NA,NA,0.280142944221279,2.47924443630272e-06,NA,NA,NA
"NVDA",5,"volatility","hist_var","hist_var",3204,153,3.92156862750686e-05,0,0.694382263417877,5.05134204612889e-05,NA,NA,NA,0.29849623323126,1.93570643791884e-05,NA,NA,NA
"JPM",5,"volatility","hist_var","hist_var",3204,153,3.92156862743255e-05,0,0.633987058120375,1.23438450653987e-05,NA,NA,NA,0.393168311144804,7.29449570028883e-06,NA,NA,NA
"XOM",5,"volatility","hist_var","hist_var",3204,153,6.53594771226374e-06,0,0.428413321385131,5.24547817294961e-06,NA,NA,NA,0.224422118701353,3.10948814075607e-06,NA,NA,NA
"JNJ",5,"volatility","hist_var","hist_var",3204,153,1.96078431375343e-05,0,0.60952655394914,1.75598229115698e-06,NA,NA,NA,0.323026522656851,1.22529791969673e-06,NA,NA,NA
"PG",5,"volatility","hist_var","hist_var",3204,153,1.30718954245275e-05,0,0.587808860373988,2.59376840215646e-06,NA,NA,NA,0.245002274757501,1.19889766797201e-06,NA,NA,NA
"SPY",5,"volatility","hist_var","hist_var",3204,153,1.30718954245275e-05,0,0.661421247669491,2.83291807209543e-06,NA,NA,NA,0.417625114439789,1.38404253556496e-06,NA,NA,NA
"POOLED",5,"volatility","hist_var","hist_var",32040,1530,2.09150326800614e-05,0,0.635101444951983,1.09773515184748e-05,NA,NA,NA,0.318775832243063,4.86786408245656e-06,NA,NA,NA
"AAPL",5,"volatility","ewma","hist_var",3204,153,2.61437908505411e-05,0,0.537964818461878,6.81633579465616e-06,0.000156882021439487,0.0726530726993418,-3.78442996316268,0.303015601158938,3.07134342830006e-06,0.00127634068398071,0.0659148165193619,-3.2241096888647
"MSFT",5,"volatility","ewma","hist_var",3204,153,1.30718954260136e-05,0,0.578079632013488,8.16787219009019e-06,8.40754550918849e-05,0.145026810371325,-3.9375350749275,0.275877466276052,2.66922651994772e-06,0.0036700286467124,0.140021085779367,-2.90735543792223
"AMZN",5,"volatility","ewma","hist_var",3204,153,1.30718954260136e-05,0,0.651737232373211,1.03082691866281e-05,9.45102593306301e-06,3.02519817202126e-07,-4.43650517553723,0.31604713605412,3.12362424653193e-06,0.00159306845335874,5.41068764679263e-06,-3.1598777394237
"GOOGL",5,"volatility","ewma","hist_var",3204,153,2.61437908497981e-05,0,0.558416951422019,5.4358346732295e-06,6.61420964150463e-05,0.00553156683088333,-3.99502775640167,0.251656423935169,1.7517847998101e-06,7.77897345670268e-05,0.0226093174785575,-3.95623813286416
"NVDA",5,"volatility","ewma","hist_var",3204,153,6.53594771226375e-06,0,0.611039077242321,4.64218838746605e-05,2.66587357608177e-07,0.0238700165883512,-5.15671255083638,0.278608592344012,1.41728950378412e-05,0.00588093752575769,0.0149371360931315,-2.75619410286232
"JPM",5,"volatility","ewma","hist_var",3204,153,1.96078431375343e-05,0,0.560395254638686,1.05170054221517e-05,0.000637445445957953,0.130001508321074,-3.41853859232543,0.344789156280318,5.07856148858611e-06,0.00710677756917606,0.201708392335007,-2.69353241772588
"XOM",5,"volatility","ewma","hist_var",3204,153,1.96078431367912e-05,0,0.406138182224925,4.39179218519581e-06,0.0247684195985897,0.0777854216724598,-2.24605437508946,0.211165913714939,2.43187054173449e-06,0.0442741595407048,0.108092383084719,-2.01227842722069
"JNJ",5,"volatility","ewma","hist_var",3204,153,3.26797385628049e-05,0,0.565661491197376,1.49209543853649e-06,0.00271449423165619,0.172788830745932,-3.00068548658215,0.279471728358839,8.73099976225127e-07,5.56451765022678e-06,0.125494532501665,-4.54997551487873
"PG",5,"volatility","ewma","hist_var",3204,153,6.53594771374985e-06,0,0.52161881700794,2.18083514718042e-06,8.27147177806133e-05,0.232928026145399,-3.94146903869251,0.202906748353398,7.74201115636575e-07,2.03624322170572e-07,0.214851641425256,-5.20737461667212
"SPY",5,"volatility","ewma","hist_var",3204,153,6.53594771374985e-06,0,0.560352609735526,2.38876762305054e-06,0.000366330993211521,0.154347953437935,-3.56703462677911,0.3937758620279,8.95411842048478e-07,0.106157898574104,0.176270973258175,-1.61616142077179
"POOLED",5,"volatility","ewma","hist_var",32040,1530,1.6993464052926e-05,0,0.555140406631737,9.81206915353796e-06,2.49354607005735e-31,2.78250851146796e-06,-11.6553290891131,0.285731462850368,3.48420189966618e-06,2.31744806809871e-20,7.62662217279688e-06,-9.25284567476693
"AAPL",5,"volatility","garch11","hist_var",3204,153,0.157150326797383,0,0.472375951472557,6.10880016868777e-06,0.000127407212051678,0.0192750839658415,-3.83611141671195,0.32740434038534,2.36203831049015e-06,0.46341191663074,0.0483139709584609,-0.733328249588482
"MSFT",5,"volatility","garch11","hist_var",3204,153,0.294699346405229,0,0.528897935113211,7.47486193372232e-06,9.47557150421924e-05,0.0794850068265386,-3.90859571726568,0.275882479970836,1.84902310738851e-06,0.0205091960135651,0.0923200682528653,-2.31805183260629
"AMZN",5,"volatility","garch11","hist_var",3204,153,0.226810457516347,0,0.57049002766788,9.81324680317574e-06,0.000822362793900271,2.53351167642452e-07,-3.34834159518581,0.356125865435926,2.50220198051254e-06,0.895283443197535,8.16819108898422e-07,0.131632249763071
"GOOGL",5,"volatility","garch11","hist_var",3204,153,0.272509803921565,0,0.517989638667043,5.2264166021862e-06,0.000602169221258386,0.0123158402113307,-3.43405773754954,0.266236913738763,1.16126703856817e-06,0.267433465667658,0.00432193506010516,-1.10918543684613
"NVDA",5,"volatility","garch11","hist_var",3204,153,0.197215686274504,0,0.568677448399411,4.5212531184211e-05,8.70092826813203e-06,0.0167436401315398,-4.45439154007752,0.291881088069638,1.26393309657066e-05,0.493698327468237,0.00659520066624875,-0.684516930530974
"JPM",5,"volatility","garch11","hist_var",3204,153,0.273366013071891,0,0.50568527358988,9.44454076683843e-06,0.000471725333883143,0.0564962943430957,-3.49993064747248,0.316155615677303,4.01013058179791e-06,0.0932622874472032,0.103158615272039,-1.67893481561182
"XOM",5,"volatility","garch11","hist_var",3204,153,0.166725490196083,0,0.388429654856406,4.0428455296386e-06,0.00149310053804135,0.0444469710548642,-3.1787717747827,0.202320895119669,1.79543542451434e-06,0.011475973537393,0.0156692252914069,-2.5293200142029
"JNJ",5,"volatility","garch11","hist_var",3204,153,0.302058823529413,0,0.520311125663376,1.22621545700128e-06,0.000618094023621113,0.0556025478595708,-3.42694990030029,0.239989418672686,6.41456403661652e-07,0.00028838147974229,0.0736454090533023,-3.62952571457717
"PG",5,"volatility","garch11","hist_var",3204,153,0.169836601307177,0,0.479984968498913,1.80470621217405e-06,7.12789222705706e-05,0.113825567416195,-3.9771830675337,0.187176673389466,3.93046886571371e-07,1.16313378195097e-06,0.106129152627878,-4.87118145841945
"SPY",5,"volatility","garch11","hist_var",3204,153,0.0986797385621075,0,0.472210399440189,2.02058641373864e-06,2.65703215322132e-05,0.142596699995832,-4.20715286248382,0.395533005630503,1.08336615148764e-06,0.304451100493468,0.573389743192932,-1.02709965075025
"POOLED",5,"volatility","garch11","hist_var",32040,1530,0.21590522875817,0,0.502505242336887,9.2374751071374e-06,3.68037216753043e-29,3.69448616920211e-08,-11.2201566366527,0.285870629609013,2.84372968506989e-06,9.8124189664854e-07,7.82052953403421e-08,-4.89631725560809
"AAPL",5,"volatility","har_gk","hist_var",3204,153,0.00167973856208299,0,0.580641749570716,7.2293566892948e-06,0.213978406799187,0.637427889007781,-1.24294682695726,0.206591348963629,1.23642603329517e-06,2.46625528741967e-10,0.0157285682210324,-6.34941900903177
"MSFT",5,"volatility","har_gk","hist_var",3204,153,0.0033267973856277,0,0.60946143483505,8.22111269738075e-06,0.082669255314841,0.426593211150958,-1.73594764570131,0.166434356624243,9.25849524067318e-07,2.72720385256475e-13,0.0458904679642512,-7.3383591563208
"AMZN",5,"volatility","har_gk","hist_var",3204,153,0.00186928104574012,0,0.662624536418369,9.75702748428885e-06,0.0156851936339053,6.27488840449696e-05,-2.41744955896241,0.176492126486484,1.06636290432481e-06,7.37572540023068e-23,1.34176333115247e-13,-9.91830932776046
"GOOGL",5,"volatility","har_gk","hist_var",3204,153,0.00383006535948761,0,0.658928487605017,5.54170530809426e-06,0.993149924152724,0.186472314672473,-0.00858607255221684,0.149867439384792,5.73967489226519e-07,2.43638874834637e-17,0.000547799649276243,-8.51917078099795
"NVDA",5,"volatility","har_gk","hist_var",3204,153,0.00199346405229989,0,0.721408209681327,4.55680997018669e-05,0.474113731506758,0.153717980194739,0.715886319860206,0.173764936540851,4.89220465082818e-06,1.01637764489211e-13,0.000164252742105905,-7.47158743099228
"JPM",5,"volatility","har_gk","hist_var",3204,153,0.00307843137255276,0,0.56346822625564,1.16126141334307e-05,0.101589415358561,0.71195653272645,-1.63766695514577,0.253740995591983,2.74259799691017e-06,1.69115670955288e-08,0.120314070085276,-5.65543109133722
"XOM",5,"volatility","har_gk","hist_var",3204,153,0.00183660130718624,0,0.496102594509956,5.22719814766859e-06,0.0532120596005132,0.984985483831907,1.93391104272055,0.150600724337399,1.95032183810212e-06,2.06926260228049e-05,0.138961815179526,-4.26364631283479
"JNJ",5,"volatility","har_gk","hist_var",3204,153,0.00349019607843429,0,0.519268560332407,1.57231885592496e-06,0.00139850473772679,0.661791274902685,-3.19775661896091,0.227130708280554,5.89983471726088e-07,0.000262787829994069,0.113141931803423,-3.65354693014998
"PG",5,"volatility","har_gk","hist_var",3204,153,0.00158169934640498,0,0.520166455026952,2.43054261963286e-06,0.110144769979001,0.813185422409368,-1.59798582303162,0.171804025387445,7.07958546727411e-07,0.000346777664863694,0.37531736534609,-3.58144634353121
"SPY",5,"volatility","har_gk","hist_var",3204,153,0.00159477124182951,0,0.572612459899541,2.47501209927722e-06,0.0420557410380339,0.494874791401796,-2.03378294987624,0.274430505503808,3.76996521468043e-07,1.32056866453957e-12,0.089059854810333,-7.12063040472082
"POOLED",5,"volatility","har_gk","hist_var",32040,1530,0.00242810457516461,0,0.590468271413497,9.96349877368598e-06,0.000348209765530723,0.0272590431499161,-3.57689660134464,0.195085716710119,1.50626689766758e-06,1.35567345930579e-82,6.729650204208e-10,-19.3080606452796
"AAPL",5,"volatility","har_r2","hist_var",3204,153,0.00295424836600117,0,0.444861431513078,6.20197178895353e-06,8.26716315400932e-06,0.0763250780621688,-4.46542011286881,0.302939898359752,1.65682620734038e-06,0.0409056674506347,0.0309310950880892,-2.04531181789071
"MSFT",5,"volatility","har_r2","hist_var",3204,153,0.00329411764706489,0,0.465515770689242,7.15655301273436e-06,9.64093115695805e-09,0.0556988676392993,-5.75214771533417,0.220332296175298,1.13264466843038e-06,8.89300771873639e-08,0.0457136513612959,-5.36038372026838
"AMZN",5,"volatility","har_r2","hist_var",3204,153,0.00296732026144205,0,0.487667395304947,8.83159900618023e-06,1.35452861027134e-06,3.8002192147745e-12,-4.84077709173083,0.254364516643659,1.74262273918377e-06,7.2774076850586e-07,2.25498463703827e-10,-4.96370290613051
"GOOGL",5,"volatility","har_r2","hist_var",3204,153,0.00275163398692471,0,0.466555234938849,4.90189803728719e-06,9.6519954412984e-06,0.000822193135691554,-4.43194356212095,0.236180795581968,9.61579265911322e-07,0.00203333800184576,0.00365245865750739,-3.08785429141332
"NVDA",5,"volatility","har_r2","hist_var",3204,153,0.00222875816994881,0,0.532488804099627,4.13192019332856e-05,5.54436922884561e-08,0.000766451986055722,-5.44587290579648,0.233676042510389,8.48580654970367e-06,3.61298372001244e-07,0.00111945936081737,-5.09899347884365
"JPM",5,"volatility","har_r2","hist_var",3204,153,0.00401960784313731,0,0.483273363821023,1.0277010472133e-05,0.000179957187917164,0.193035826568662,-3.75000683868216,0.3072583346343,3.37682232233862e-06,0.0335094556509956,0.127631186706744,-2.12684184807811
"XOM",5,"volatility","har_r2","hist_var",3204,153,0.00275816993464366,0,0.379312560797195,4.38307917123124e-06,0.0110044672654782,0.130015077918455,-2.54403910287219,0.189641290346767,2.05093277226744e-06,0.00153152822581573,0.0197362724898242,-3.17137478975441
"JNJ",5,"volatility","har_r2","hist_var",3204,153,0.00265359477124373,0,0.47014977624818,1.45093710255112e-06,1.66928370037487e-05,0.408063571712869,-4.31164857783495,0.208747728232563,5.81123413234718e-07,0.004688485177238,0.103599265080683,-2.8296790035936
"PG",5,"volatility","har_r2","hist_var",3204,153,0.00177124183006509,0,0.459588996285278,2.1990390080033e-06,3.48291734794433e-05,0.511774576961122,-4.14521588699037,0.172316178302856,5.91421115844108e-07,1.30768796765664e-07,0.249430677594235,-5.2896749601759
"SPY",5,"volatility","har_r2","hist_var",3204,153,0.00113725490196213,0,0.429512326171854,2.01154987009578e-06,2.00889591616696e-06,0.053426140152676,-4.76129069059407,0.334029393489049,5.12735768277263e-07,0.00041903357724678,0.0987636374449274,-3.53150256637057
"POOLED",5,"volatility","har_r2","hist_var",32040,1530,0.00265359477124336,0,0.461892565986927,8.87328394024552e-06,1.18265130784507e-43,8.61203870828692e-09,-13.8761259872279,0.24594864742766,2.10925148225317e-06,1.17219900172038e-22,8.3670162095181e-09,-9.80334081255876
