"ticker","model","n_days","ann_return","ann_vol","sharpe","sharpe_se","max_drawdown","total_return","turnover_per_year","rule","cost_bps"
"AAPL","arima",642,0.370926347187809,0.270443198672736,1.37154991883034,0.872766215588168,0.217946862098802,1.57275942046388,17.6635514018692,"long_flat",5
"SPY","arima",642,0.187406012827876,0.149912379239963,1.25010365240017,0.836201592072938,0.139482450414442,0.611941137015462,103.233644859813,"long_flat",5
"AAPL","arma_garch",642,0.348927644500832,0.28405225575463,1.22839244340395,0.829862661170032,0.245755362532363,1.43253692147828,0.392523364485981,"long_flat",5
"SPY","arma_garch",642,0.272086771762132,0.174685499294026,1.55758075433704,0.932022290916617,0.168023112395644,1.00005252426257,0.392523364485981,"long_flat",5
"AAPL","buy_hold",642,0.349123906183075,0.284077183656388,1.22897552590977,0.830032077462503,0.245755362532364,1.43375349405682,0.392523364485981,"long_flat",5
"SPY","buy_hold",642,0.272283033444376,0.174689998280966,1.55866412572999,0.932377681053666,0.168023112395644,1.00105280057294,0.392523364485981,"long_flat",5
"AAPL","elastic_net",642,0.348927644500832,0.28405225575463,1.22839244340395,0.829862661170032,0.245755362532363,1.43253692147828,0.392523364485981,"long_flat",5
"SPY","elastic_net",642,0.239932636446214,0.171997656862324,1.39497619225284,0.880022993093817,0.174208462060791,0.842746192271693,29.4392523364486,"long_flat",5
"AAPL","ets",642,0.231320347390725,0.19166864439208,1.20687631576051,0.823643372106588,0.146111703710601,0.802755131174153,95.7757009345794,"long_flat",5
"SPY","ets",642,0.152753255620008,0.131566539661612,1.16103422658138,0.810607306549489,0.0859962986277103,0.475736376624649,124.822429906542,"long_flat",5
"AAPL","hist_mean",642,0.348927644500832,0.28405225575463,1.22839244340395,0.829862661170032,0.245755362532363,1.43253692147828,0.392523364485981,"long_flat",5
"SPY","hist_mean",642,0.272086771762132,0.174685499294026,1.55758075433704,0.932022290916617,0.168023112395644,1.00005252426257,0.392523364485981,"long_flat",5
"AAPL","naive_zero",642,0,0,NA,NA,0,0,0,"long_flat",5
"SPY","naive_zero",642,0,0,NA,NA,0,0,0,"long_flat",5
"AAPL","random_forest",642,0.148738821962498,0.225099530596341,0.660769134295635,0.691530422666161,0.258474928713946,0.460720571296087,107.943925233645,"long_flat",5
"SPY","random_forest",642,0.0964157498026402,0.141256851068554,0.682556273011129,0.695671157022971,0.123874332093843,0.278427236164666,111.869158878505,"long_flat",5
"AAPL","stlf",642,0.178394389735067,0.209779899990175,0.850388382030032,0.731062269015941,0.166512415410227,0.575355475083796,64.7663551401869,"long_flat",5
"SPY","stlf",642,0.204406169189018,0.131303646439685,1.55674404124727,0.931747891221478,0.109342624990965,0.68328804462958,65.1588785046729,"long_flat",5
"POOLED","arima",642,0.279166180007842,0.193912212547025,1.43965238878465,0.894033070387108,0.154003965406364,1.03645199930905,NA,"long_flat",5
"POOLED","arma_garch",642,0.310507208131483,0.215832951065786,1.43864598337832,0.893715062451837,0.190201408898015,1.20572020214816,NA,"long_flat",5
"POOLED","buy_hold",642,0.310703469813725,0.215851175167272,1.43943376529198,0.893963979589195,0.190201408898015,1.20682333801022,NA,"long_flat",5
"POOLED","elastic_net",642,0.294430140473523,0.213554167517873,1.37871409345772,0.874978790565261,0.190201408898015,1.11720290704845,NA,"long_flat",5
"POOLED","ets",642,0.192036801505366,0.140534197156039,1.36647737982337,0.871203212562346,0.0886672878958441,0.631070607061645,NA,"long_flat",5
"POOLED","hist_mean",642,0.310507208131483,0.215832951065786,1.43864598337832,0.893715062451837,0.190201408898015,1.20572020214816,NA,"long_flat",5
"POOLED","naive_zero",642,0,0,NA,NA,0,0,NA,"long_flat",5
"POOLED","random_forest",642,0.122577285882569,0.164216438415332,0.746437366839914,0.708430828807439,0.151484293836461,0.366537581909451,NA,"long_flat",5
"POOLED","stlf",642,0.191400279462042,0.157633876307272,1.2142077829067,0.825755453274216,0.103810901263716,0.628427780790512,NA,"long_flat",5
"AAPL","arima",642,0.392925049874785,0.283884351653638,1.38410253184432,0.876646841114286,0.202420127423003,1.72106498246413,34.9345794392523,"long_short",5
"SPY","arima",642,0.102332730529134,0.17568595614585,0.582475302944421,0.677576957379337,0.250603005237541,0.297844502696117,206.859813084112,"long_short",5
"AAPL","arma_garch",642,0.348927644500832,0.28405225575463,1.22839244340395,0.829862661170032,0.245755362532363,1.43253692147828,0.392523364485981,"long_short",5
"SPY","arma_garch",642,0.272086771762132,0.174685499294026,1.55758075433704,0.932022290916617,0.168023112395644,1.00005252426257,0.392523364485981,"long_short",5
"AAPL","buy_hold",642,0.349123906183075,0.284077183656388,1.22897552590977,0.830032077462503,0.245755362532364,1.43375349405682,0.392523364485981,"long_short",5
"SPY","buy_hold",642,0.272283033444376,0.174689998280966,1.55866412572999,0.932377681053666,0.168023112395644,1.00105280057294,0.392523364485981,"long_short",5
"AAPL","elastic_net",642,0.348927644500832,0.28405225575463,1.22839244340395,0.829862661170032,0.245755362532363,1.43253692147828,0.392523364485981,"long_short",5
"SPY","elastic_net",642,0.207778501130296,0.175142552481316,1.18633934578783,0.817766629820023,0.18034782661379,0.697812176399639,58.4859813084112,"long_short",5
"AAPL","ets",642,0.113320526916131,0.284834478917405,0.397846943764806,0.650836456795874,0.24182632625163,0.334687968213946,191.943925233645,"long_short",5
"SPY","ets",642,0.0330272161133964,0.175417821885741,0.18827742676516,0.632044717585854,0.208307233167166,0.0877820045141934,250.03738317757,"long_short",5
"AAPL","hist_mean",642,0.348927644500832,0.28405225575463,1.22839244340395,0.829862661170032,0.245755362532363,1.43253692147828,0.392523364485981,"long_short",5
"SPY","hist_mean",642,0.272086771762132,0.174685499294026,1.55758075433704,0.932022290916617,0.168023112395644,1.00005252426257,0.392523364485981,"long_short",5
"AAPL","naive_zero",642,0,0,NA,NA,0,0,0,"long_short",5
"SPY","naive_zero",642,0,0,NA,NA,0,0,0,"long_short",5
"AAPL","random_forest",642,-0.0518425239403219,0.285116240134219,-0.181829431799174,0.631674090725431,0.418875225439811,-0.123724729316114,216.280373831776,"long_short",5
"SPY","random_forest",642,-0.079255272156852,0.175454497307477,-0.451714110342582,0.65770031515323,0.385948021307997,-0.182833361453729,223.345794392523,"long_short",5
"AAPL","stlf",642,0.00746861160481249,0.284970848595932,0.0262083354897905,0.626624426663921,0.374413399038975,0.0192093474806782,129.92523364486,"long_short",5
"SPY","stlf",642,0.13633304325142,0.174687863833253,0.780437978115957,0.715585847115861,0.30158934499244,0.415276131236877,130.710280373832,"long_short",5
"POOLED","arima",642,0.24762889020196,0.197357285179216,1.25472383741544,0.837558590902104,0.146802867250568,0.879233681310022,NA,"long_short",5
"POOLED","arma_garch",642,0.310507208131483,0.215832951065786,1.43864598337832,0.893715062451837,0.190201408898015,1.20572020214816,NA,"long_short",5
"POOLED","buy_hold",642,0.310703469813725,0.215851175167272,1.43943376529198,0.893963979589195,0.190201408898015,1.20682333801022,NA,"long_short",5
"POOLED","elastic_net",642,0.278353072815565,0.212444791694198,1.31023721784734,0.854078466637915,0.190201408898015,1.03223788096461,NA,"long_short",5
"POOLED","ets",642,0.0731738715147634,0.183675742401682,0.398386148099724,0.65090118680247,0.148881598492149,0.204927198408577,NA,"long_short",5
"POOLED","hist_mean",642,0.310507208131483,0.215832951065786,1.43864598337832,0.893715062451837,0.190201408898015,1.20572020214816,NA,"long_short",5
"POOLED","naive_zero",642,0,0,NA,NA,0,0,NA,"long_short",5
"POOLED","random_forest",642,-0.0655488980485875,0.190141893683959,-0.344736747797087,0.644862601687592,0.317736657059405,-0.153794990923609,NA,"long_short",5
"POOLED","stlf",642,0.0719008274281186,0.196867467147912,0.365224526275321,0.647072256480715,0.259698535118884,0.201025670925861,NA,"long_short",5
